Model,Circuit (noise_p),Îµ,RA(%),VT(s),RA(%),VT(s)
iris,c_0,0.0001,100.00,0.0010,100.00,0.0010
iris,c_0,0.0003,100.00,0.0008,100.00,0.0008
iris,c_0,0.0005,100.00,0.0008,100.00,0.0008
iris,c_0,0.001,98.75,0.0008,100.00,0.3027
iris,c_0,0.003,98.75,0.0008,100.00,0.2457
iris,c_0,0.005,98.75,0.0008,100.00,0.2414
iris,c_1,0.0001,100.00,0.0008,100.00,0.0009
iris,c_1,0.0003,100.00,0.0008,100.00,0.0009
iris,c_1,0.0005,98.75,0.0008,100.00,0.2673
iris,c_1,0.001,98.75,0.0009,100.00,0.2608
iris,c_1,0.003,98.75,0.0009,100.00,0.2630
iris,c_1,0.005,95.00,0.0009,100.00,2.1054
iris,c_2 (bit-flip_0.0001),0.0001,100.00,0.0019,100.00,0.0019
iris,c_2 (bit-flip_0.0001),0.0003,100.00,0.0017,100.00,0.0017
iris,c_2 (bit-flip_0.0001),0.0005,98.75,0.0017,100.00,0.2607
iris,c_2 (bit-flip_0.0001),0.001,98.75,0.0018,100.00,0.2657
iris,c_2 (bit-flip_0.0001),0.003,98.75,0.0019,100.00,0.2615
iris,c_2 (bit-flip_0.0001),0.005,95.00,0.0018,100.00,2.0585
iris,c_2 (bit-flip_0.0005),0.0001,100.00,0.0019,100.00,0.0019
iris,c_2 (bit-flip_0.0005),0.0003,100.00,0.0018,100.00,0.0018
iris,c_2 (bit-flip_0.0005),0.0005,98.75,0.0018,100.00,0.2613
iris,c_2 (bit-flip_0.0005),0.001,98.75,0.0018,100.00,0.2632
iris,c_2 (bit-flip_0.0005),0.003,98.75,0.0018,100.00,0.2615
iris,c_2 (bit-flip_0.0005),0.005,95.00,0.0018,100.00,2.0613
iris,c_2 (bit-flip_0.001),0.0001,100.00,0.0019,100.00,0.0019
iris,c_2 (bit-flip_0.001),0.0003,100.00,0.0018,100.00,0.0018
iris,c_2 (bit-flip_0.001),0.0005,98.75,0.0018,100.00,0.2663
iris,c_2 (bit-flip_0.001),0.001,98.75,0.0018,100.00,0.2602
iris,c_2 (bit-flip_0.001),0.003,98.75,0.0018,100.00,0.2624
iris,c_2 (bit-flip_0.001),0.005,95.00,0.0018,100.00,2.0566
iris,c_2 (bit-flip_0.005),0.0001,100.00,0.0018,100.00,0.0018
iris,c_2 (bit-flip_0.005),0.0003,100.00,0.0017,100.00,0.0018
iris,c_2 (bit-flip_0.005),0.0005,98.75,0.0018,100.00,0.2621
iris,c_2 (bit-flip_0.005),0.001,98.75,0.0018,100.00,0.2602
iris,c_2 (bit-flip_0.005),0.003,98.75,0.0018,100.00,0.2663
iris,c_2 (bit-flip_0.005),0.005,95.00,0.0018,100.00,2.1421
iris,c_2 (bit-flip_0.01),0.0001,100.00,0.0019,100.00,0.0019
iris,c_2 (bit-flip_0.01),0.0003,98.75,0.0018,100.00,0.2603
iris,c_2 (bit-flip_0.01),0.0005,98.75,0.0018,100.00,0.2613
iris,c_2 (bit-flip_0.01),0.001,98.75,0.0018,100.00,0.2649
iris,c_2 (bit-flip_0.01),0.003,98.75,0.0020,100.00,0.2622
iris,c_2 (bit-flip_0.01),0.005,95.00,0.0018,100.00,2.1347
iris,c_2 (bit-flip_0.02),0.0001,100.00,0.0018,100.00,0.0019
iris,c_2 (bit-flip_0.02),0.0003,98.75,0.0018,100.00,0.2631
iris,c_2 (bit-flip_0.02),0.0005,98.75,0.0018,100.00,0.2598
iris,c_2 (bit-flip_0.02),0.001,98.75,0.0018,100.00,0.2626
iris,c_2 (bit-flip_0.02),0.003,98.75,0.0018,100.00,0.2607
iris,c_2 (bit-flip_0.02),0.005,92.50,0.0018,100.00,7.9369
iris,c_2 (depolarizing_0.0001),0.0001,100.00,0.0029,100.00,0.0029
iris,c_2 (depolarizing_0.0001),0.0003,100.00,0.0021,100.00,0.0022
iris,c_2 (depolarizing_0.0001),0.0005,98.75,0.0022,100.00,0.2656
iris,c_2 (depolarizing_0.0001),0.001,98.75,0.0017,100.00,0.2597
iris,c_2 (depolarizing_0.0001),0.003,98.75,0.0017,100.00,0.2632
iris,c_2 (depolarizing_0.0001),0.005,95.00,0.0017,100.00,2.0599
iris,c_2 (depolarizing_0.0005),0.0001,100.00,0.0029,100.00,0.0029
iris,c_2 (depolarizing_0.0005),0.0003,100.00,0.0021,100.00,0.0021
iris,c_2 (depolarizing_0.0005),0.0005,98.75,0.0021,100.00,0.2640
iris,c_2 (depolarizing_0.0005),0.001,98.75,0.0018,100.00,0.2608
iris,c_2 (depolarizing_0.0005),0.003,98.75,0.0018,100.00,0.2626
iris,c_2 (depolarizing_0.0005),0.005,95.00,0.0018,100.00,2.0682
iris,c_2 (depolarizing_0.001),0.0001,100.00,0.0030,100.00,0.0030
iris,c_2 (depolarizing_0.001),0.0003,100.00,0.0021,100.00,0.0021
iris,c_2 (depolarizing_0.001),0.0005,98.75,0.0021,100.00,0.2625
iris,c_2 (depolarizing_0.001),0.001,98.75,0.0018,100.00,0.2647
iris,c_2 (depolarizing_0.001),0.003,98.75,0.0018,100.00,0.2598
iris,c_2 (depolarizing_0.001),0.005,95.00,0.0018,100.00,2.0544
iris,c_2 (depolarizing_0.005),0.0001,100.00,0.0028,100.00,0.0029
iris,c_2 (depolarizing_0.005),0.0003,100.00,0.0021,100.00,0.0021
iris,c_2 (depolarizing_0.005),0.0005,98.75,0.0021,100.00,0.2631
iris,c_2 (depolarizing_0.005),0.001,98.75,0.0018,100.00,0.2591
iris,c_2 (depolarizing_0.005),0.003,98.75,0.0019,100.00,0.2624
iris,c_2 (depolarizing_0.005),0.005,95.00,0.0018,100.00,2.0494
iris,c_2 (depolarizing_0.01),0.0001,100.00,0.0029,100.00,0.0029
iris,c_2 (depolarizing_0.01),0.0003,98.75,0.0021,100.00,0.2622
iris,c_2 (depolarizing_0.01),0.0005,98.75,0.0018,100.00,0.2595
iris,c_2 (depolarizing_0.01),0.001,98.75,0.0018,100.00,0.2610
iris,c_2 (depolarizing_0.01),0.003,98.75,0.0018,100.00,0.2606
iris,c_2 (depolarizing_0.01),0.005,95.00,0.0018,100.00,2.0585
iris,c_2 (depolarizing_0.02),0.0001,100.00,0.0029,100.00,0.0029
iris,c_2 (depolarizing_0.02),0.0003,98.75,0.0022,100.00,0.2631
iris,c_2 (depolarizing_0.02),0.0005,98.75,0.0018,100.00,0.2594
iris,c_2 (depolarizing_0.02),0.001,98.75,0.0018,100.00,0.2628
iris,c_2 (depolarizing_0.02),0.003,98.75,0.0018,100.00,0.2606
iris,c_2 (depolarizing_0.02),0.005,95.00,0.0019,100.00,2.0534
iris,c_2 (phase-flip_0.0001),0.0001,100.00,0.0019,100.00,0.0019
iris,c_2 (phase-flip_0.0001),0.0003,100.00,0.0019,100.00,0.0019
iris,c_2 (phase-flip_0.0001),0.0005,98.75,0.0017,100.00,0.2604
iris,c_2 (phase-flip_0.0001),0.001,98.75,0.0018,100.00,0.2622
iris,c_2 (phase-flip_0.0001),0.003,98.75,0.0018,100.00,0.2615
iris,c_2 (phase-flip_0.0001),0.005,95.00,0.0018,100.00,2.0557
iris,c_2 (phase-flip_0.0005),0.0001,100.00,0.0018,100.00,0.0018
iris,c_2 (phase-flip_0.0005),0.0003,100.00,0.0018,100.00,0.0018
iris,c_2 (phase-flip_0.0005),0.0005,98.75,0.0018,100.00,0.2629
iris,c_2 (phase-flip_0.0005),0.001,98.75,0.0018,100.00,0.2594
iris,c_2 (phase-flip_0.0005),0.003,98.75,0.0018,100.00,0.2634
iris,c_2 (phase-flip_0.0005),0.005,95.00,0.0018,100.00,2.0624
iris,c_2 (phase-flip_0.001),0.0001,100.00,0.0018,100.00,0.0018
iris,c_2 (phase-flip_0.001),0.0003,100.00,0.0017,100.00,0.0017
iris,c_2 (phase-flip_0.001),0.0005,98.75,0.0017,100.00,0.2613
iris,c_2 (phase-flip_0.001),0.001,98.75,0.0018,100.00,0.2622
iris,c_2 (phase-flip_0.001),0.003,98.75,0.0018,100.00,0.2629
iris,c_2 (phase-flip_0.001),0.005,95.00,0.0018,100.00,2.0533
iris,c_2 (phase-flip_0.005),0.0001,100.00,0.0018,100.00,0.0018
iris,c_2 (phase-flip_0.005),0.0003,100.00,0.0019,100.00,0.0019
iris,c_2 (phase-flip_0.005),0.0005,98.75,0.0018,100.00,0.2610
iris,c_2 (phase-flip_0.005),0.001,98.75,0.0018,100.00,0.2641
iris,c_2 (phase-flip_0.005),0.003,98.75,0.0018,100.00,0.2603
iris,c_2 (phase-flip_0.005),0.005,95.00,0.0018,100.00,2.0592
iris,c_2 (phase-flip_0.01),0.0001,100.00,0.0018,100.00,0.0018
iris,c_2 (phase-flip_0.01),0.0003,100.00,0.0017,100.00,0.0017
iris,c_2 (phase-flip_0.01),0.0005,98.75,0.0017,100.00,0.2634
iris,c_2 (phase-flip_0.01),0.001,98.75,0.0018,100.00,0.2601
iris,c_2 (phase-flip_0.01),0.003,98.75,0.0018,100.00,0.2631
iris,c_2 (phase-flip_0.01),0.005,95.00,0.0018,100.00,2.0577
iris,c_2 (phase-flip_0.02),0.0001,100.00,0.0018,100.00,0.0018
iris,c_2 (phase-flip_0.02),0.0003,100.00,0.0018,100.00,0.0018
iris,c_2 (phase-flip_0.02),0.0005,98.75,0.0018,100.00,0.2637
iris,c_2 (phase-flip_0.02),0.001,98.75,0.0018,100.00,0.2608
iris,c_2 (phase-flip_0.02),0.003,98.75,0.0018,100.00,0.2624
iris,c_2 (phase-flip_0.02),0.005,95.00,0.0018,100.00,2.0519
iris,c_2 (mixed_0.0001),0.0001,100.00,0.0034,100.00,0.0034
iris,c_2 (mixed_0.0001),0.0003,100.00,0.0028,100.00,0.0028
iris,c_2 (mixed_0.0001),0.0005,98.75,0.0028,100.00,0.2612
iris,c_2 (mixed_0.0001),0.001,98.75,0.0028,100.00,0.2647
iris,c_2 (mixed_0.0001),0.003,98.75,0.0028,100.00,0.2628
iris,c_2 (mixed_0.0001),0.005,95.00,0.0028,100.00,2.0561
iris,c_2 (mixed_0.0005),0.0001,100.00,0.0037,100.00,0.0037
iris,c_2 (mixed_0.0005),0.0003,100.00,0.0033,100.00,0.0033
iris,c_2 (mixed_0.0005),0.0005,98.75,0.0033,100.00,0.2624
iris,c_2 (mixed_0.0005),0.001,98.75,0.0027,100.00,0.2637
iris,c_2 (mixed_0.0005),0.003,98.75,0.0028,100.00,0.2621
iris,c_2 (mixed_0.0005),0.005,95.00,0.0028,100.00,2.0594
iris,c_2 (mixed_0.001),0.0001,100.00,0.0033,100.00,0.0033
iris,c_2 (mixed_0.001),0.0003,100.00,0.0027,100.00,0.0027
iris,c_2 (mixed_0.001),0.0005,98.75,0.0027,100.00,0.2645
iris,c_2 (mixed_0.001),0.001,98.75,0.0028,100.00,0.2611
iris,c_2 (mixed_0.001),0.003,98.75,0.0028,100.00,0.2652
iris,c_2 (mixed_0.001),0.005,95.00,0.0028,100.00,2.0569
iris,c_2 (mixed_0.005),0.0001,100.00,0.0040,100.00,0.0041
iris,c_2 (mixed_0.005),0.0003,98.75,0.0031,100.00,0.2660
iris,c_2 (mixed_0.005),0.0005,98.75,0.0030,100.00,0.2624
iris,c_2 (mixed_0.005),0.001,98.75,0.0028,100.00,0.2632
iris,c_2 (mixed_0.005),0.003,98.75,0.0028,100.00,0.2638
iris,c_2 (mixed_0.005),0.005,95.00,0.0029,100.00,2.0634
iris,c_2 (mixed_0.01),0.0001,100.00,0.0036,100.00,0.0036
iris,c_2 (mixed_0.01),0.0003,98.75,0.0034,100.00,0.2638
iris,c_2 (mixed_0.01),0.0005,98.75,0.0028,100.00,0.2631
iris,c_2 (mixed_0.01),0.001,98.75,0.0027,100.00,0.2620
iris,c_2 (mixed_0.01),0.003,98.75,0.0028,100.00,0.2626
iris,c_2 (mixed_0.01),0.005,95.00,0.0029,100.00,2.1666
iris,c_2 (mixed_0.02),0.0001,100.00,0.0037,100.00,0.0037
iris,c_2 (mixed_0.02),0.0003,98.75,0.0033,100.00,0.2610
iris,c_2 (mixed_0.02),0.0005,98.75,0.0029,100.00,0.2633
iris,c_2 (mixed_0.02),0.001,98.75,0.0028,100.00,0.2619
iris,c_2 (mixed_0.02),0.003,98.75,0.0029,100.00,0.2628
iris,c_2 (mixed_0.02),0.005,92.50,0.0028,100.00,7.8341
tfi4,c_0,0.0001,98.59,0.0036,100.00,0.3374
tfi4,c_0,0.0003,97.19,0.0036,100.00,0.6637
tfi4,c_0,0.0005,96.41,0.0036,100.00,0.8490
tfi4,c_0,0.001,94.53,0.0036,100.00,1.2908
tfi4,c_0,0.003,89.69,0.0037,100.00,2.4299
tfi4,c_0,0.005,86.41,0.0038,100.00,3.2126
tfi4,c_1,0.0001,98.75,0.0036,100.00,0.2932
tfi4,c_1,0.0003,97.50,0.0036,100.00,0.5909
tfi4,c_1,0.0005,96.41,0.0036,100.00,0.8659
tfi4,c_1,0.001,94.53,0.0037,100.00,1.2941
tfi4,c_1,0.003,89.38,0.0037,100.00,2.4858
tfi4,c_1,0.005,86.09,0.0037,100.00,3.2425
tfi4,c_2 (bit-flip_0.0001),0.0001,98.75,0.0045,100.00,0.2959
tfi4,c_2 (bit-flip_0.0001),0.0003,97.50,0.0045,100.00,0.6021
tfi4,c_2 (bit-flip_0.0001),0.0005,96.41,0.0046,100.00,0.8614
tfi4,c_2 (bit-flip_0.0001),0.001,94.53,0.0045,100.00,1.2989
tfi4,c_2 (bit-flip_0.0001),0.003,89.38,0.0045,100.00,2.4880
tfi4,c_2 (bit-flip_0.0001),0.005,86.09,0.0044,100.00,3.2568
tfi4,c_2 (bit-flip_0.0005),0.0001,98.75,0.0047,100.00,0.2937
tfi4,c_2 (bit-flip_0.0005),0.0003,97.50,0.0045,100.00,0.5983
tfi4,c_2 (bit-flip_0.0005),0.0005,96.41,0.0047,100.00,0.8620
tfi4,c_2 (bit-flip_0.0005),0.001,94.53,0.0044,100.00,1.2999
tfi4,c_2 (bit-flip_0.0005),0.003,89.38,0.0044,100.00,2.4928
tfi4,c_2 (bit-flip_0.0005),0.005,86.09,0.0046,100.00,3.2467
tfi4,c_2 (bit-flip_0.001),0.0001,98.75,0.0045,100.00,0.2957
tfi4,c_2 (bit-flip_0.001),0.0003,97.50,0.0044,100.00,0.5973
tfi4,c_2 (bit-flip_0.001),0.0005,96.41,0.0044,100.00,0.8575
tfi4,c_2 (bit-flip_0.001),0.001,94.53,0.0044,100.00,1.2911
tfi4,c_2 (bit-flip_0.001),0.003,89.38,0.0044,100.00,2.4858
tfi4,c_2 (bit-flip_0.001),0.005,86.09,0.0044,100.00,3.2532
tfi4,c_2 (bit-flip_0.005),0.0001,98.75,0.0045,100.00,0.2919
tfi4,c_2 (bit-flip_0.005),0.0003,97.34,0.0044,100.00,0.6268
tfi4,c_2 (bit-flip_0.005),0.0005,96.25,0.0048,100.00,0.8858
tfi4,c_2 (bit-flip_0.005),0.001,94.38,0.0047,100.00,1.3139
tfi4,c_2 (bit-flip_0.005),0.003,89.38,0.0044,100.00,2.4619
tfi4,c_2 (bit-flip_0.005),0.005,86.09,0.0045,100.00,3.2199
tfi4,c_2 (bit-flip_0.01),0.0001,98.75,0.0045,100.00,0.2907
tfi4,c_2 (bit-flip_0.01),0.0003,97.34,0.0044,100.00,0.6207
tfi4,c_2 (bit-flip_0.01),0.0005,96.25,0.0044,100.00,0.8738
tfi4,c_2 (bit-flip_0.01),0.001,94.38,0.0045,100.00,1.2924
tfi4,c_2 (bit-flip_0.01),0.003,89.38,0.0046,100.00,2.4421
tfi4,c_2 (bit-flip_0.01),0.005,85.94,0.0048,100.00,3.2418
tfi4,c_2 (bit-flip_0.02),0.0001,98.75,0.0045,100.00,0.2828
tfi4,c_2 (bit-flip_0.02),0.0003,97.34,0.0044,100.00,0.6065
tfi4,c_2 (bit-flip_0.02),0.0005,96.25,0.0044,100.00,0.8532
tfi4,c_2 (bit-flip_0.02),0.001,94.06,0.0048,100.00,1.3528
tfi4,c_2 (bit-flip_0.02),0.003,89.22,0.0044,100.00,2.4855
tfi4,c_2 (bit-flip_0.02),0.005,85.62,0.0044,100.00,3.3246
tfi4,c_2 (depolarizing_0.0001),0.0001,98.75,0.0056,100.00,0.3062
tfi4,c_2 (depolarizing_0.0001),0.0003,97.50,0.0046,100.00,0.6163
tfi4,c_2 (depolarizing_0.0001),0.0005,96.41,0.0046,100.00,0.8634
tfi4,c_2 (depolarizing_0.0001),0.001,94.53,0.0048,100.00,1.2997
tfi4,c_2 (depolarizing_0.0001),0.003,89.38,0.0044,100.00,2.4913
tfi4,c_2 (depolarizing_0.0001),0.005,86.09,0.0044,100.00,3.2488
tfi4,c_2 (depolarizing_0.0005),0.0001,98.75,0.0063,100.00,0.2919
tfi4,c_2 (depolarizing_0.0005),0.0003,97.50,0.0045,100.00,0.5956
tfi4,c_2 (depolarizing_0.0005),0.0005,96.41,0.0045,100.00,0.8650
tfi4,c_2 (depolarizing_0.0005),0.001,94.53,0.0044,100.00,1.3080
tfi4,c_2 (depolarizing_0.0005),0.003,89.38,0.0044,100.00,2.5017
tfi4,c_2 (depolarizing_0.0005),0.005,86.09,0.0046,100.00,3.2608
tfi4,c_2 (depolarizing_0.001),0.0001,98.75,0.0063,100.00,0.2963
tfi4,c_2 (depolarizing_0.001),0.0003,97.50,0.0044,100.00,0.5971
tfi4,c_2 (depolarizing_0.001),0.0005,96.41,0.0045,100.00,0.8655
tfi4,c_2 (depolarizing_0.001),0.001,94.53,0.0045,100.00,1.3065
tfi4,c_2 (depolarizing_0.001),0.003,89.38,0.0046,100.00,2.5048
tfi4,c_2 (depolarizing_0.001),0.005,86.09,0.0046,100.00,3.2752
tfi4,c_2 (depolarizing_0.005),0.0001,98.75,0.0060,100.00,0.2932
tfi4,c_2 (depolarizing_0.005),0.0003,97.50,0.0045,100.00,0.5970
tfi4,c_2 (depolarizing_0.005),0.0005,96.41,0.0045,100.00,0.8630
tfi4,c_2 (depolarizing_0.005),0.001,94.38,0.0049,100.00,1.3278
tfi4,c_2 (depolarizing_0.005),0.003,89.38,0.0045,100.00,2.4863
tfi4,c_2 (depolarizing_0.005),0.005,86.09,0.0047,100.00,3.2509
tfi4,c_2 (depolarizing_0.01),0.0001,98.75,0.0056,100.00,0.2943
tfi4,c_2 (depolarizing_0.01),0.0003,97.34,0.0044,100.00,0.6332
tfi4,c_2 (depolarizing_0.01),0.0005,96.25,0.0044,100.00,0.8905
tfi4,c_2 (depolarizing_0.01),0.001,94.38,0.0044,100.00,1.3220
tfi4,c_2 (depolarizing_0.01),0.003,89.38,0.0046,100.00,2.4638
tfi4,c_2 (depolarizing_0.01),0.005,86.09,0.0044,100.00,3.2366
tfi4,c_2 (depolarizing_0.02),0.0001,98.75,0.0057,100.00,0.2934
tfi4,c_2 (depolarizing_0.02),0.0003,97.34,0.0045,100.00,0.6214
tfi4,c_2 (depolarizing_0.02),0.0005,96.25,0.0045,100.00,0.8747
tfi4,c_2 (depolarizing_0.02),0.001,94.38,0.0045,100.00,1.3019
tfi4,c_2 (depolarizing_0.02),0.003,89.38,0.0048,100.00,2.4459
tfi4,c_2 (depolarizing_0.02),0.005,85.94,0.0044,100.00,3.2492
tfi4,c_2 (phase-flip_0.0001),0.0001,98.75,0.0045,100.00,0.2954
tfi4,c_2 (phase-flip_0.0001),0.0003,97.50,0.0044,100.00,0.5990
tfi4,c_2 (phase-flip_0.0001),0.0005,96.41,0.0046,100.00,0.8687
tfi4,c_2 (phase-flip_0.0001),0.001,94.53,0.0045,100.00,1.3055
tfi4,c_2 (phase-flip_0.0001),0.003,89.38,0.0045,100.00,2.5083
tfi4,c_2 (phase-flip_0.0001),0.005,86.09,0.0046,100.00,3.2630
tfi4,c_2 (phase-flip_0.0005),0.0001,98.75,0.0045,100.00,0.2954
tfi4,c_2 (phase-flip_0.0005),0.0003,97.50,0.0045,100.00,0.6008
tfi4,c_2 (phase-flip_0.0005),0.0005,96.41,0.0047,100.00,0.8686
tfi4,c_2 (phase-flip_0.0005),0.001,94.53,0.0047,100.00,1.3007
tfi4,c_2 (phase-flip_0.0005),0.003,89.38,0.0044,100.00,2.4928
tfi4,c_2 (phase-flip_0.0005),0.005,86.09,0.0045,100.00,3.2604
tfi4,c_2 (phase-flip_0.001),0.0001,98.75,0.0045,100.00,0.2972
tfi4,c_2 (phase-flip_0.001),0.0003,97.50,0.0044,100.00,0.5985
tfi4,c_2 (phase-flip_0.001),0.0005,96.41,0.0046,100.00,0.8668
tfi4,c_2 (phase-flip_0.001),0.001,94.53,0.0045,100.00,1.3065
tfi4,c_2 (phase-flip_0.001),0.003,89.38,0.0049,100.00,2.5053
tfi4,c_2 (phase-flip_0.001),0.005,86.09,0.0047,100.00,3.2753
tfi4,c_2 (phase-flip_0.005),0.0001,98.75,0.0046,100.00,0.3007
tfi4,c_2 (phase-flip_0.005),0.0003,97.50,0.0049,100.00,0.5970
tfi4,c_2 (phase-flip_0.005),0.0005,96.41,0.0045,100.00,0.8637
tfi4,c_2 (phase-flip_0.005),0.001,94.53,0.0045,100.00,1.2998
tfi4,c_2 (phase-flip_0.005),0.003,89.38,0.0045,100.00,2.4952
tfi4,c_2 (phase-flip_0.005),0.005,86.09,0.0045,100.00,3.2588
tfi4,c_2 (phase-flip_0.01),0.0001,98.75,0.0045,100.00,0.2940
tfi4,c_2 (phase-flip_0.01),0.0003,97.50,0.0045,100.00,0.5978
tfi4,c_2 (phase-flip_0.01),0.0005,96.41,0.0047,100.00,0.8629
tfi4,c_2 (phase-flip_0.01),0.001,94.53,0.0045,100.00,1.3032
tfi4,c_2 (phase-flip_0.01),0.003,89.38,0.0045,100.00,2.5062
tfi4,c_2 (phase-flip_0.01),0.005,86.09,0.0046,100.00,3.2638
tfi4,c_2 (phase-flip_0.02),0.0001,98.75,0.0046,100.00,0.2966
tfi4,c_2 (phase-flip_0.02),0.0003,97.50,0.0045,100.00,0.5963
tfi4,c_2 (phase-flip_0.02),0.0005,96.41,0.0045,100.00,0.8633
tfi4,c_2 (phase-flip_0.02),0.001,94.53,0.0045,100.00,1.3034
tfi4,c_2 (phase-flip_0.02),0.003,89.38,0.0047,100.00,2.4966
tfi4,c_2 (phase-flip_0.02),0.005,86.09,0.0048,100.00,3.2636
tfi4,c_2 (mixed_0.0001),0.0001,98.75,0.0071,100.00,0.3015
tfi4,c_2 (mixed_0.0001),0.0003,97.50,0.0056,100.00,0.6131
tfi4,c_2 (mixed_0.0001),0.0005,96.41,0.0055,100.00,0.9000
tfi4,c_2 (mixed_0.0001),0.001,94.53,0.0064,100.00,1.3235
tfi4,c_2 (mixed_0.0001),0.003,89.38,0.0057,100.00,2.5266
tfi4,c_2 (mixed_0.0001),0.005,86.09,0.0058,100.00,3.2900
tfi4,c_2 (mixed_0.0005),0.0001,98.75,0.0059,100.00,0.3171
tfi4,c_2 (mixed_0.0005),0.0003,97.50,0.0055,100.00,0.6033
tfi4,c_2 (mixed_0.0005),0.0005,96.41,0.0064,100.00,0.8719
tfi4,c_2 (mixed_0.0005),0.001,94.53,0.0054,100.00,1.3119
tfi4,c_2 (mixed_0.0005),0.003,89.38,0.0056,100.00,2.5114
tfi4,c_2 (mixed_0.0005),0.005,86.09,0.0057,100.00,3.2656
tfi4,c_2 (mixed_0.001),0.0001,98.75,0.0059,100.00,0.2985
tfi4,c_2 (mixed_0.001),0.0003,97.50,0.0055,100.00,0.6030
tfi4,c_2 (mixed_0.001),0.0005,96.41,0.0055,100.00,0.8681
tfi4,c_2 (mixed_0.001),0.001,94.53,0.0055,100.00,1.3079
tfi4,c_2 (mixed_0.001),0.003,89.38,0.0055,100.00,2.5045
tfi4,c_2 (mixed_0.001),0.005,86.09,0.0055,100.00,3.2618
tfi4,c_2 (mixed_0.005),0.0001,98.75,0.0071,100.00,0.2867
tfi4,c_2 (mixed_0.005),0.0003,97.50,0.0055,100.00,0.5920
tfi4,c_2 (mixed_0.005),0.0005,96.41,0.0060,100.00,0.8567
tfi4,c_2 (mixed_0.005),0.001,94.38,0.0055,100.00,1.3304
tfi4,c_2 (mixed_0.005),0.003,89.38,0.0055,100.00,2.4852
tfi4,c_2 (mixed_0.005),0.005,86.09,0.0054,100.00,3.2457
tfi4,c_2 (mixed_0.01),0.0001,98.75,0.0073,100.00,0.3007
tfi4,c_2 (mixed_0.01),0.0003,97.34,0.0055,100.00,0.6266
tfi4,c_2 (mixed_0.01),0.0005,96.25,0.0055,100.00,0.8908
tfi4,c_2 (mixed_0.01),0.001,94.38,0.0055,100.00,1.3201
tfi4,c_2 (mixed_0.01),0.003,89.38,0.0055,100.00,2.4720
tfi4,c_2 (mixed_0.01),0.005,86.09,0.0059,100.00,3.2379
tfi4,c_2 (mixed_0.02),0.0001,98.75,0.0060,100.00,0.2942
tfi4,c_2 (mixed_0.02),0.0003,97.34,0.0160,100.00,0.6407
tfi4,c_2 (mixed_0.02),0.0005,96.25,0.0056,100.00,0.8747
tfi4,c_2 (mixed_0.02),0.001,94.38,0.0058,100.00,1.3038
tfi4,c_2 (mixed_0.02),0.003,89.38,0.0055,100.00,2.4535
tfi4,c_2 (mixed_0.02),0.005,85.94,0.0058,100.00,3.2613
tfi8,c_0,0.0001,99.53,0.0304,100.00,0.4212
tfi8,c_0,0.0003,99.22,0.0246,100.00,0.6538
tfi8,c_0,0.0005,98.91,0.0220,100.00,0.9028
tfi8,c_0,0.001,98.44,0.0184,100.00,1.2938
tfi8,c_0,0.003,95.62,0.0235,100.00,3.0720
tfi8,c_0,0.005,94.22,0.0149,100.00,3.5281
tfi8,c_1,0.0001,99.38,0.0379,100.00,0.4315
tfi8,c_1,0.0003,98.44,0.0389,100.00,0.9523
tfi8,c_1,0.0005,97.81,0.0351,100.00,1.3142
tfi8,c_1,0.001,96.88,0.0351,100.00,1.8899
tfi8,c_1,0.003,93.91,0.0372,100.00,3.6327
tfi8,c_1,0.005,91.56,0.0389,100.00,4.9877
tfi8,c_2 (bit-flip_0.0001),0.0001,99.38,5.3196,100.00,5.7066
tfi8,c_2 (bit-flip_0.0001),0.0003,98.44,5.2085,100.00,6.1205
tfi8,c_2 (bit-flip_0.0001),0.0005,97.81,5.2289,100.00,6.8762
tfi8,c_2 (bit-flip_0.0001),0.001,96.88,5.1271,100.00,7.5039
tfi8,c_2 (bit-flip_0.0001),0.003,93.91,5.3029,100.00,9.9680
tfi8,c_2 (bit-flip_0.0001),0.005,91.56,5.3854,100.00,11.8757
tfi8,c_2 (bit-flip_0.0005),0.0001,99.38,4.8365,100.00,5.4566
tfi8,c_2 (bit-flip_0.0005),0.0003,98.44,4.8216,100.00,5.9690
tfi8,c_2 (bit-flip_0.0005),0.0005,97.81,4.8059,100.00,6.4241
tfi8,c_2 (bit-flip_0.0005),0.001,96.72,4.8077,100.00,7.3095
tfi8,c_2 (bit-flip_0.0005),0.003,93.91,4.9968,100.00,9.8224
tfi8,c_2 (bit-flip_0.0005),0.005,91.56,4.8134,100.00,11.2417
tfi8,c_2 (bit-flip_0.001),0.0001,99.38,5.1714,100.00,5.7122
tfi8,c_2 (bit-flip_0.001),0.0003,98.44,5.1743,100.00,7.7395
tfi8,c_2 (bit-flip_0.001),0.0005,97.81,4.9262,100.00,6.3860
tfi8,c_2 (bit-flip_0.001),0.001,96.72,5.1916,100.00,7.7799
tfi8,c_2 (bit-flip_0.001),0.003,93.91,4.9136,100.00,9.3482
tfi8,c_2 (bit-flip_0.001),0.005,91.56,4.9643,100.00,11.4481
tfi8,c_2 (bit-flip_0.005),0.0001,99.38,5.3194,100.00,6.2466
tfi8,c_2 (bit-flip_0.005),0.0003,98.44,5.3136,100.00,7.0120
tfi8,c_2 (bit-flip_0.005),0.0005,97.81,5.2781,100.00,6.8942
tfi8,c_2 (bit-flip_0.005),0.001,96.72,5.2225,100.00,7.6853
tfi8,c_2 (bit-flip_0.005),0.003,93.91,5.6841,100.00,10.3829
tfi8,c_2 (bit-flip_0.005),0.005,91.56,4.9718,100.00,11.4466
tfi8,c_2 (bit-flip_0.01),0.0001,99.38,5.1994,100.00,5.7011
tfi8,c_2 (bit-flip_0.01),0.0003,98.44,5.3452,100.00,6.2997
tfi8,c_2 (bit-flip_0.01),0.0005,97.81,5.0437,100.00,6.4146
tfi8,c_2 (bit-flip_0.01),0.001,96.72,5.7022,100.00,7.6703
tfi8,c_2 (bit-flip_0.01),0.003,93.91,5.1507,100.00,9.3991
tfi8,c_2 (bit-flip_0.01),0.005,91.41,5.0903,100.00,11.7914
tfi8,c_2 (bit-flip_0.02),0.0001,99.38,4.9530,100.00,5.4502
tfi8,c_2 (bit-flip_0.02),0.0003,98.44,4.8579,100.00,6.0475
tfi8,c_2 (bit-flip_0.02),0.0005,97.81,4.9102,100.00,6.6650
tfi8,c_2 (bit-flip_0.02),0.001,96.72,5.0512,100.00,8.3986
tfi8,c_2 (bit-flip_0.02),0.003,93.59,5.2413,100.00,10.1115
tfi8,c_2 (bit-flip_0.02),0.005,91.25,4.9652,100.00,11.6553
tfi8,c_2 (depolarizing_0.0001),0.0001,99.38,4.8587,100.00,5.6354
tfi8,c_2 (depolarizing_0.0001),0.0003,98.44,4.8695,100.00,6.1143
tfi8,c_2 (depolarizing_0.0001),0.0005,97.81,4.8201,100.00,6.4833
tfi8,c_2 (depolarizing_0.0001),0.001,96.88,5.2495,100.00,7.7893
tfi8,c_2 (depolarizing_0.0001),0.003,93.91,5.3312,100.00,10.0675
tfi8,c_2 (depolarizing_0.0001),0.005,91.56,4.8481,100.00,11.3631
tfi8,c_2 (depolarizing_0.0005),0.0001,99.38,5.7974,100.00,6.3299
tfi8,c_2 (depolarizing_0.0005),0.0003,98.44,4.9035,100.00,6.0723
tfi8,c_2 (depolarizing_0.0005),0.0005,97.81,5.1769,100.00,6.8178
tfi8,c_2 (depolarizing_0.0005),0.001,96.88,4.7364,100.00,7.1318
tfi8,c_2 (depolarizing_0.0005),0.003,93.91,5.1214,100.00,9.7410
tfi8,c_2 (depolarizing_0.0005),0.005,91.56,4.7285,100.00,11.1882
tfi8,c_2 (depolarizing_0.001),0.0001,99.38,4.8939,100.00,5.4058
tfi8,c_2 (depolarizing_0.001),0.0003,98.44,4.8471,100.00,6.0212
tfi8,c_2 (depolarizing_0.001),0.0005,97.81,4.6919,100.00,6.3602
tfi8,c_2 (depolarizing_0.001),0.001,96.72,4.7044,100.00,7.2233
tfi8,c_2 (depolarizing_0.001),0.003,93.91,5.0300,100.00,9.7368
tfi8,c_2 (depolarizing_0.001),0.005,91.56,4.6097,100.00,11.1444
tfi8,c_2 (depolarizing_0.005),0.0001,99.38,4.5781,100.00,5.1024
tfi8,c_2 (depolarizing_0.005),0.0003,98.44,4.6264,100.00,5.8130
tfi8,c_2 (depolarizing_0.005),0.0005,97.81,4.5592,100.00,6.2363
tfi8,c_2 (depolarizing_0.005),0.001,96.72,4.6034,100.00,7.1080
tfi8,c_2 (depolarizing_0.005),0.003,93.91,5.0112,100.00,9.7097
tfi8,c_2 (depolarizing_0.005),0.005,91.56,4.6305,100.00,11.1382
tfi8,c_2 (depolarizing_0.01),0.0001,99.38,4.7120,100.00,5.2108
tfi8,c_2 (depolarizing_0.01),0.0003,98.44,4.7170,100.00,5.8607
tfi8,c_2 (depolarizing_0.01),0.0005,97.81,4.6846,100.00,6.3229
tfi8,c_2 (depolarizing_0.01),0.001,96.72,4.6982,100.00,7.1519
tfi8,c_2 (depolarizing_0.01),0.003,93.91,5.0994,100.00,9.7111
tfi8,c_2 (depolarizing_0.01),0.005,91.56,4.6576,100.00,11.1809
tfi8,c_2 (depolarizing_0.02),0.0001,99.38,4.6311,100.00,5.4974
tfi8,c_2 (depolarizing_0.02),0.0003,98.44,4.6707,100.00,6.0364
tfi8,c_2 (depolarizing_0.02),0.0005,97.81,4.6159,100.00,6.3277
tfi8,c_2 (depolarizing_0.02),0.001,96.72,4.5816,100.00,7.0185
tfi8,c_2 (depolarizing_0.02),0.003,93.91,4.8354,100.00,9.3731
tfi8,c_2 (depolarizing_0.02),0.005,91.41,4.8426,100.00,11.4741
tfi8,c_2 (phase-flip_0.0001),0.0001,99.38,4.8779,100.00,5.3795
tfi8,c_2 (phase-flip_0.0001),0.0003,98.44,4.8628,100.00,6.2293
tfi8,c_2 (phase-flip_0.0001),0.0005,97.81,4.8192,100.00,6.4620
tfi8,c_2 (phase-flip_0.0001),0.001,96.88,4.8036,100.00,7.1056
tfi8,c_2 (phase-flip_0.0001),0.003,93.91,4.7925,100.00,9.4220
tfi8,c_2 (phase-flip_0.0001),0.005,91.56,4.8133,100.00,10.0231
tfi8,c_2 (phase-flip_0.0005),0.0001,99.38,4.9884,100.00,5.5797
tfi8,c_2 (phase-flip_0.0005),0.0003,98.44,5.0966,100.00,6.3880
tfi8,c_2 (phase-flip_0.0005),0.0005,97.81,4.8486,100.00,6.5102
tfi8,c_2 (phase-flip_0.0005),0.001,96.88,4.8906,100.00,7.2914
tfi8,c_2 (phase-flip_0.0005),0.003,93.91,4.8385,100.00,9.4921
tfi8,c_2 (phase-flip_0.0005),0.005,91.56,4.8934,100.00,11.4204
tfi8,c_2 (phase-flip_0.001),0.0001,99.38,4.8417,100.00,5.3482
tfi8,c_2 (phase-flip_0.001),0.0003,98.44,4.8380,100.00,6.0208
tfi8,c_2 (phase-flip_0.001),0.0005,97.81,4.8063,100.00,6.4672
tfi8,c_2 (phase-flip_0.001),0.001,96.88,4.7904,100.00,7.1890
tfi8,c_2 (phase-flip_0.001),0.003,93.91,4.7532,100.00,9.4640
tfi8,c_2 (phase-flip_0.001),0.005,91.56,4.8046,100.00,11.2956
tfi8,c_2 (phase-flip_0.005),0.0001,99.38,4.7951,100.00,5.3090
tfi8,c_2 (phase-flip_0.005),0.0003,98.44,4.9009,100.00,6.0738
tfi8,c_2 (phase-flip_0.005),0.0005,97.81,4.8881,100.00,6.5323
tfi8,c_2 (phase-flip_0.005),0.001,96.88,4.8421,100.00,7.2138
tfi8,c_2 (phase-flip_0.005),0.003,93.91,4.8061,100.00,9.4923
tfi8,c_2 (phase-flip_0.005),0.005,91.56,4.7005,100.00,11.6387
tfi8,c_2 (phase-flip_0.01),0.0001,99.38,4.9920,100.00,5.4919
tfi8,c_2 (phase-flip_0.01),0.0003,98.44,4.9772,100.00,6.1707
tfi8,c_2 (phase-flip_0.01),0.0005,97.81,4.9611,100.00,6.6232
tfi8,c_2 (phase-flip_0.01),0.001,96.88,5.0097,100.00,7.3964
tfi8,c_2 (phase-flip_0.01),0.003,93.91,4.9395,100.00,9.6496
tfi8,c_2 (phase-flip_0.01),0.005,91.56,4.9533,100.00,11.1523
tfi8,c_2 (phase-flip_0.02),0.0001,99.38,5.0173,100.00,5.5439
tfi8,c_2 (phase-flip_0.02),0.0003,98.44,5.0188,100.00,6.2837
tfi8,c_2 (phase-flip_0.02),0.0005,97.81,5.1148,100.00,6.7751
tfi8,c_2 (phase-flip_0.02),0.001,96.88,5.0332,100.00,7.4509
tfi8,c_2 (phase-flip_0.02),0.003,93.91,5.0734,100.00,9.8140
tfi8,c_2 (phase-flip_0.02),0.005,91.56,5.0868,100.00,11.6614
tfi8,c_2 (mixed_0.0001),0.0001,99.38,37.6365,100.00,38.2773
tfi8,c_2 (mixed_0.0001),0.0003,98.44,37.7751,100.00,39.3813
tfi8,c_2 (mixed_0.0001),0.0005,97.81,40.9578,100.00,53.3150
tfi8,c_2 (mixed_0.0001),0.001,96.88,27.1625,100.00,29.7561
tfi8,c_2 (mixed_0.0001),0.003,93.91,25.7271,100.00,30.3772
tfi8,c_2 (mixed_0.0001),0.005,91.56,25.6808,100.00,33.0087
tfi8,c_2 (mixed_0.0005),0.0001,99.38,38.3585,100.00,39.0551
tfi8,c_2 (mixed_0.0005),0.0003,98.44,25.3572,100.00,26.8991
tfi8,c_2 (mixed_0.0005),0.0005,97.81,25.6625,100.00,27.3328
tfi8,c_2 (mixed_0.0005),0.001,96.88,26.0370,100.00,28.4742
tfi8,c_2 (mixed_0.0005),0.003,93.91,26.3675,100.00,31.2893
tfi8,c_2 (mixed_0.0005),0.005,91.56,30.5934,100.00,38.5499
tfi8,c_2 (mixed_0.001),0.0001,99.38,38.5832,100.00,39.2452
tfi8,c_2 (mixed_0.001),0.0003,98.44,43.0130,100.00,43.9593
tfi8,c_2 (mixed_0.001),0.0005,97.81,38.0121,100.00,40.2380
tfi8,c_2 (mixed_0.001),0.001,96.72,39.8140,100.00,42.3624
tfi8,c_2 (mixed_0.001),0.003,93.91,37.4847,100.00,42.2733
tfi8,c_2 (mixed_0.001),0.005,91.56,36.9626,100.00,43.8193
tfi8,c_2 (mixed_0.005),0.0001,99.38,37.4113,100.00,37.9191
tfi8,c_2 (mixed_0.005),0.0003,98.44,37.6533,100.00,38.8823
tfi8,c_2 (mixed_0.005),0.0005,97.81,37.3173,100.00,39.0386
tfi8,c_2 (mixed_0.005),0.001,96.72,37.2445,100.00,39.7659
tfi8,c_2 (mixed_0.005),0.003,93.91,37.1421,100.00,42.0500
tfi8,c_2 (mixed_0.005),0.005,91.56,37.0559,100.00,43.5704
tfi8,c_2 (mixed_0.01),0.0001,99.38,40.5118,100.00,41.0090
tfi8,c_2 (mixed_0.01),0.0003,98.44,37.7031,100.00,38.9308
tfi8,c_2 (mixed_0.01),0.0005,97.81,37.3001,100.00,38.9586
tfi8,c_2 (mixed_0.01),0.001,96.72,37.2774,100.00,39.7710
tfi8,c_2 (mixed_0.01),0.003,93.91,37.2634,100.00,41.8847
tfi8,c_2 (mixed_0.01),0.005,91.56,37.4169,100.00,43.9133
tfi8,c_2 (mixed_0.02),0.0001,99.38,37.0372,100.00,37.4523
tfi8,c_2 (mixed_0.02),0.0003,98.44,38.0585,100.00,39.0154
tfi8,c_2 (mixed_0.02),0.0005,97.81,41.4115,100.00,42.7277
tfi8,c_2 (mixed_0.02),0.001,96.72,37.3553,100.00,39.2804
tfi8,c_2 (mixed_0.02),0.003,93.59,38.6499,100.00,43.6683
tfi8,c_2 (mixed_0.02),0.005,91.41,38.8603,100.00,45.5172
fashion8,c_0,0.0001,96.90,0.0464,99.00,4.8641
fashion8,c_0,0.0003,95.20,0.0575,98.30,6.4915
fashion8,c_0,0.0005,93.90,0.0289,97.90,8.0812
fashion8,c_0,0.001,90.60,0.0291,97.40,12.4339
fashion8,c_0,0.003,81.30,0.0291,95.60,24.8180
fashion8,c_0,0.005,71.90,0.0304,93.20,37.4909
fashion8,c_1,0.0001,96.90,0.0881,99.20,4.2090
fashion8,c_1,0.0003,95.20,0.0820,98.80,6.4836
fashion8,c_1,0.0005,93.20,0.0782,98.10,9.1171
fashion8,c_1,0.001,88.80,0.0796,97.40,15.0344
fashion8,c_1,0.003,78.30,0.0850,95.90,29.2058
fashion8,c_1,0.005,67.60,0.0788,93.50,43.6877
fashion8,c_2 (bit-flip_0.0001),0.0001,96.90,15.4224,99.20,18.7411
fashion8,c_2 (bit-flip_0.0001),0.0003,95.20,11.0267,98.80,17.3556
fashion8,c_2 (bit-flip_0.0001),0.0005,93.20,12.0354,98.10,21.0948
fashion8,c_2 (bit-flip_0.0001),0.001,88.80,12.0506,97.40,27.0293
fashion8,c_2 (bit-flip_0.0001),0.003,78.30,11.7916,95.90,40.8605
fashion8,c_2 (bit-flip_0.0001),0.005,67.60,11.9427,93.50,54.1583
fashion8,c_2 (bit-flip_0.0005),0.0001,96.90,13.0569,99.20,17.1121
fashion8,c_2 (bit-flip_0.0005),0.0003,95.20,10.9301,98.80,16.6226
fashion8,c_2 (bit-flip_0.0005),0.0005,93.20,12.0366,98.10,21.0790
fashion8,c_2 (bit-flip_0.0005),0.001,88.80,10.2707,97.40,23.2161
fashion8,c_2 (bit-flip_0.0005),0.003,78.30,11.0999,95.90,34.3123
fashion8,c_2 (bit-flip_0.0005),0.005,67.60,12.6321,93.50,56.7913
fashion8,c_2 (bit-flip_0.001),0.0001,96.90,13.8801,99.20,17.9255
fashion8,c_2 (bit-flip_0.001),0.0003,95.20,12.5706,98.80,18.9471
fashion8,c_2 (bit-flip_0.001),0.0005,93.20,9.5653,98.10,18.5966
fashion8,c_2 (bit-flip_0.001),0.001,88.80,11.2859,97.40,26.2439
fashion8,c_2 (bit-flip_0.001),0.003,78.30,10.8632,95.90,40.2894
fashion8,c_2 (bit-flip_0.001),0.005,67.50,10.3467,93.50,51.6171
fashion8,c_2 (bit-flip_0.005),0.0001,96.90,12.2725,99.20,16.6752
fashion8,c_2 (bit-flip_0.005),0.0003,95.10,11.1949,98.70,17.7738
fashion8,c_2 (bit-flip_0.005),0.0005,92.90,12.4189,98.00,21.9608
fashion8,c_2 (bit-flip_0.005),0.001,88.80,12.2455,97.40,27.5728
fashion8,c_2 (bit-flip_0.005),0.003,78.30,11.6766,95.90,39.9468
fashion8,c_2 (bit-flip_0.005),0.005,67.40,12.2050,93.50,55.1997
fashion8,c_2 (bit-flip_0.01),0.0001,96.90,12.9480,99.20,16.7932
fashion8,c_2 (bit-flip_0.01),0.0003,95.00,11.6732,98.70,18.3343
fashion8,c_2 (bit-flip_0.01),0.0005,92.90,12.2715,98.00,21.6843
fashion8,c_2 (bit-flip_0.01),0.001,88.70,12.0056,97.40,27.4360
fashion8,c_2 (bit-flip_0.01),0.003,78.10,11.5690,95.90,35.6885
fashion8,c_2 (bit-flip_0.01),0.005,66.80,12.1056,93.30,54.5394
fashion8,c_2 (bit-flip_0.02),0.0001,96.90,11.6053,99.20,15.5882
fashion8,c_2 (bit-flip_0.02),0.0003,94.70,11.8429,98.70,18.9139
fashion8,c_2 (bit-flip_0.02),0.0005,92.80,13.4440,98.00,23.8884
fashion8,c_2 (bit-flip_0.02),0.001,88.30,14.1369,97.40,27.8956
fashion8,c_2 (bit-flip_0.02),0.003,77.50,11.6821,95.70,37.7567
fashion8,c_2 (bit-flip_0.02),0.005,65.70,14.7389,93.10,60.6523
fashion8,c_2 (depolarizing_0.0001),0.0001,96.90,13.9954,99.20,18.2686
fashion8,c_2 (depolarizing_0.0001),0.0003,95.20,15.0182,98.80,21.5866
fashion8,c_2 (depolarizing_0.0001),0.0005,93.20,11.3262,98.10,20.5602
fashion8,c_2 (depolarizing_0.0001),0.001,88.80,11.4424,97.40,26.4200
fashion8,c_2 (depolarizing_0.0001),0.003,78.30,11.0507,95.90,40.4015
fashion8,c_2 (depolarizing_0.0001),0.005,67.60,12.9515,93.50,56.4373
fashion8,c_2 (depolarizing_0.0005),0.0001,96.90,13.6358,99.20,18.2433
fashion8,c_2 (depolarizing_0.0005),0.0003,95.20,14.9567,98.80,21.4291
fashion8,c_2 (depolarizing_0.0005),0.0005,93.20,11.2100,98.10,19.5032
fashion8,c_2 (depolarizing_0.0005),0.001,88.80,12.0000,97.40,27.4524
fashion8,c_2 (depolarizing_0.0005),0.003,78.30,13.2220,95.90,42.8933
fashion8,c_2 (depolarizing_0.0005),0.005,67.60,12.3782,93.50,56.6009
fashion8,c_2 (depolarizing_0.001),0.0001,96.90,11.9893,99.20,15.5520
fashion8,c_2 (depolarizing_0.001),0.0003,95.20,11.6528,98.80,18.0699
fashion8,c_2 (depolarizing_0.001),0.0005,93.20,10.9771,98.10,20.1457
fashion8,c_2 (depolarizing_0.001),0.001,88.80,11.9690,97.40,26.4996
fashion8,c_2 (depolarizing_0.001),0.003,78.30,11.3491,95.90,40.5912
fashion8,c_2 (depolarizing_0.001),0.005,67.60,11.6909,93.50,55.5875
fashion8,c_2 (depolarizing_0.005),0.0001,96.90,14.2310,99.20,18.4921
fashion8,c_2 (depolarizing_0.005),0.0003,95.20,12.3412,98.80,19.1208
fashion8,c_2 (depolarizing_0.005),0.0005,93.20,12.3001,98.10,22.2951
fashion8,c_2 (depolarizing_0.005),0.001,88.80,11.1919,97.40,26.5063
fashion8,c_2 (depolarizing_0.005),0.003,78.30,12.0213,95.90,39.4999
fashion8,c_2 (depolarizing_0.005),0.005,67.50,11.1948,93.50,56.8084
fashion8,c_2 (depolarizing_0.01),0.0001,96.90,11.8151,99.20,16.2052
fashion8,c_2 (depolarizing_0.01),0.0003,95.10,12.2865,98.80,18.9836
fashion8,c_2 (depolarizing_0.01),0.0005,93.20,10.7920,98.10,19.9848
fashion8,c_2 (depolarizing_0.01),0.001,88.80,10.5954,97.40,25.5601
fashion8,c_2 (depolarizing_0.01),0.003,78.30,10.4755,95.90,39.8510
fashion8,c_2 (depolarizing_0.01),0.005,67.50,11.6704,93.50,58.0159
fashion8,c_2 (depolarizing_0.02),0.0001,97.00,12.8381,99.20,16.8121
fashion8,c_2 (depolarizing_0.02),0.0003,95.10,13.6493,98.80,21.2533
fashion8,c_2 (depolarizing_0.02),0.0005,93.10,13.5794,98.10,26.0908
fashion8,c_2 (depolarizing_0.02),0.001,88.90,13.7857,97.40,33.9294
fashion8,c_2 (depolarizing_0.02),0.003,78.20,14.8061,95.80,49.2370
fashion8,c_2 (depolarizing_0.02),0.005,67.00,12.5657,93.20,61.5111
fashion8,c_2 (phase-flip_0.0001),0.0001,96.90,11.0104,99.20,15.1462
fashion8,c_2 (phase-flip_0.0001),0.0003,95.20,12.3367,98.80,18.0181
fashion8,c_2 (phase-flip_0.0001),0.0005,93.20,10.3217,98.10,18.2900
fashion8,c_2 (phase-flip_0.0001),0.001,88.80,12.4342,97.40,28.6014
fashion8,c_2 (phase-flip_0.0001),0.003,78.30,11.6809,95.90,41.5272
fashion8,c_2 (phase-flip_0.0001),0.005,67.60,12.2216,93.50,57.5659
fashion8,c_2 (phase-flip_0.0005),0.0001,96.90,12.6270,99.20,16.7181
fashion8,c_2 (phase-flip_0.0005),0.0003,95.20,12.0228,98.80,18.3286
fashion8,c_2 (phase-flip_0.0005),0.0005,93.20,11.0531,98.10,20.1326
fashion8,c_2 (phase-flip_0.0005),0.001,88.80,10.9844,97.40,25.9773
fashion8,c_2 (phase-flip_0.0005),0.003,78.30,11.2524,95.90,41.4684
fashion8,c_2 (phase-flip_0.0005),0.005,67.60,11.3217,93.50,58.0657
fashion8,c_2 (phase-flip_0.001),0.0001,96.90,11.6201,99.20,15.1141
fashion8,c_2 (phase-flip_0.001),0.0003,95.20,10.7150,98.80,17.2764
fashion8,c_2 (phase-flip_0.001),0.0005,93.20,11.2107,98.10,20.2244
fashion8,c_2 (phase-flip_0.001),0.001,88.80,11.3187,97.40,26.2856
fashion8,c_2 (phase-flip_0.001),0.003,78.30,9.9183,95.90,39.6162
fashion8,c_2 (phase-flip_0.001),0.005,67.60,11.5138,93.50,56.3752
fashion8,c_2 (phase-flip_0.005),0.0001,96.90,11.1877,99.20,15.6047
fashion8,c_2 (phase-flip_0.005),0.0003,95.20,11.5381,98.80,17.9680
fashion8,c_2 (phase-flip_0.005),0.0005,93.20,12.1204,98.10,24.9012
fashion8,c_2 (phase-flip_0.005),0.001,88.80,11.1100,97.40,26.3038
fashion8,c_2 (phase-flip_0.005),0.003,78.30,10.1257,95.90,43.4126
fashion8,c_2 (phase-flip_0.005),0.005,67.60,11.9366,93.50,61.2788
fashion8,c_2 (phase-flip_0.01),0.0001,96.90,11.3103,99.20,16.6135
fashion8,c_2 (phase-flip_0.01),0.0003,95.20,10.0272,98.80,16.7734
fashion8,c_2 (phase-flip_0.01),0.0005,93.20,11.2818,98.10,20.8101
fashion8,c_2 (phase-flip_0.01),0.001,88.80,10.4164,97.40,27.3295
fashion8,c_2 (phase-flip_0.01),0.003,78.30,11.4713,95.90,43.4486
fashion8,c_2 (phase-flip_0.01),0.005,67.60,11.2116,93.50,61.8443
fashion8,c_2 (phase-flip_0.02),0.0001,96.90,12.7716,99.20,16.8692
fashion8,c_2 (phase-flip_0.02),0.0003,95.20,12.9276,98.80,25.4232
fashion8,c_2 (phase-flip_0.02),0.0005,93.20,13.8983,98.10,30.0425
fashion8,c_2 (phase-flip_0.02),0.001,88.80,11.6497,97.40,41.5585
fashion8,c_2 (phase-flip_0.02),0.003,78.30,34.0615,95.90,475.6164
fashion8,c_2 (phase-flip_0.02),0.005,67.60,25.5345,93.50,144.0133
fashion8,c_2 (mixed_0.0001),0.0001,96.90,93.6737,99.20,97.7506
fashion8,c_2 (mixed_0.0001),0.0003,95.20,101.3563,98.80,109.0336
fashion8,c_2 (mixed_0.0001),0.0005,93.20,99.3114,98.10,107.0629
fashion8,c_2 (mixed_0.0001),0.001,88.80,99.1433,97.40,115.5911
fashion8,c_2 (mixed_0.0001),0.003,78.30,154.5884,95.90,197.0395
fashion8,c_2 (mixed_0.0001),0.005,67.60,101.5399,93.50,155.0694
fashion8,c_2 (mixed_0.0005),0.0001,96.90,253.8563,99.20,260.5355
fashion8,c_2 (mixed_0.0005),0.0003,95.20,282.4507,98.80,293.7977
fashion8,c_2 (mixed_0.0005),0.0005,93.20,571.6285,98.10,584.9636
fashion8,c_2 (mixed_0.0005),0.001,88.80,107.8003,97.40,123.1659
fashion8,c_2 (mixed_0.0005),0.003,78.30,117.0779,95.90,147.0261
fashion8,c_2 (mixed_0.0005),0.005,67.60,99.2149,93.50,142.0715
fashion8,c_2 (mixed_0.001),0.0001,96.90,85.3101,99.20,89.4009
fashion8,c_2 (mixed_0.001),0.0003,95.20,93.4950,98.80,99.8165
fashion8,c_2 (mixed_0.001),0.0005,93.20,83.4004,98.10,92.4117
fashion8,c_2 (mixed_0.001),0.001,88.80,100.4203,97.40,115.5593
fashion8,c_2 (mixed_0.001),0.003,78.30,91.2432,95.90,120.4855
fashion8,c_2 (mixed_0.001),0.005,67.60,85.7753,93.50,121.7069
fashion8,c_2 (mixed_0.005),0.0001,96.90,86.1999,99.20,90.2241
fashion8,c_2 (mixed_0.005),0.0003,95.20,89.1849,98.80,95.4914
fashion8,c_2 (mixed_0.005),0.0005,93.00,77.5999,98.00,88.6277
fashion8,c_2 (mixed_0.005),0.001,88.80,79.7394,97.40,94.5526
fashion8,c_2 (mixed_0.005),0.003,78.30,87.8188,95.90,116.5337
fashion8,c_2 (mixed_0.005),0.005,67.50,94.9283,93.50,138.7049
fashion8,c_2 (mixed_0.01),0.0001,96.90,78.9712,99.20,83.0635
fashion8,c_2 (mixed_0.01),0.0003,95.00,74.3643,98.70,81.1221
fashion8,c_2 (mixed_0.01),0.0005,92.90,94.2327,98.00,103.7111
fashion8,c_2 (mixed_0.01),0.001,88.80,88.8872,97.40,103.8183
fashion8,c_2 (mixed_0.01),0.003,78.20,87.7423,95.90,116.9782
fashion8,c_2 (mixed_0.01),0.005,67.00,87.5576,93.30,131.3273
fashion8,c_2 (mixed_0.02),0.0001,97.00,91.9391,99.20,95.9444
fashion8,c_2 (mixed_0.02),0.0003,94.90,90.9973,98.70,97.8834
fashion8,c_2 (mixed_0.02),0.0005,92.70,84.0424,98.00,93.9171
fashion8,c_2 (mixed_0.02),0.001,88.70,75.6234,97.40,90.9055
fashion8,c_2 (mixed_0.02),0.003,77.80,78.6644,95.60,106.2757
fashion8,c_2 (mixed_0.02),0.005,65.90,77.6326,93.00,124.0964
mnist13,c_0,0.0001,99.10,0.0424,99.30,1.5369
mnist13,c_0,0.0003,98.60,0.0343,98.80,2.1899
mnist13,c_0,0.0005,97.80,0.0322,98.80,3.5790
mnist13,c_0,0.001,96.50,0.0376,97.90,5.7748
mnist13,c_0,0.003,93.80,0.0313,96.00,10.2058
mnist13,c_0,0.005,90.60,0.0325,94.50,15.7486
mnist13,c_1,0.0001,99.20,0.0460,99.60,1.3221
mnist13,c_1,0.0003,98.20,0.0408,98.80,2.9063
mnist13,c_1,0.0005,97.80,0.0387,98.20,3.5356
mnist13,c_1,0.001,96.70,0.0403,97.60,5.3725
mnist13,c_1,0.003,93.60,0.0390,95.70,10.6506
mnist13,c_1,0.005,90.80,0.0708,93.90,15.5064
mnist13,c_2 (bit-flip_0.0001),0.0001,99.20,2.1128,99.60,3.3808
mnist13,c_2 (bit-flip_0.0001),0.0003,98.20,2.0970,98.80,4.9552
mnist13,c_2 (bit-flip_0.0001),0.0005,97.80,2.2585,98.20,5.7686
mnist13,c_2 (bit-flip_0.0001),0.001,96.70,2.0967,97.60,7.4664
mnist13,c_2 (bit-flip_0.0001),0.003,93.60,2.4202,95.70,13.0730
mnist13,c_2 (bit-flip_0.0001),0.005,90.80,2.7736,93.90,17.7551
mnist13,c_2 (bit-flip_0.0005),0.0001,99.20,2.2642,99.60,3.5100
mnist13,c_2 (bit-flip_0.0005),0.0003,98.20,2.2115,98.80,4.9953
mnist13,c_2 (bit-flip_0.0005),0.0005,97.80,2.4229,98.20,5.8530
mnist13,c_2 (bit-flip_0.0005),0.001,96.70,2.3147,97.60,7.5283
mnist13,c_2 (bit-flip_0.0005),0.003,93.60,2.6948,95.70,13.0564
mnist13,c_2 (bit-flip_0.0005),0.005,90.70,2.3668,93.90,17.8428
mnist13,c_2 (bit-flip_0.001),0.0001,99.20,2.9994,99.60,4.7099
mnist13,c_2 (bit-flip_0.001),0.0003,98.20,3.0171,98.80,5.8295
mnist13,c_2 (bit-flip_0.001),0.0005,97.80,2.8605,98.20,6.3225
mnist13,c_2 (bit-flip_0.001),0.001,96.70,2.8442,97.60,8.1545
mnist13,c_2 (bit-flip_0.001),0.003,93.60,2.3577,95.70,12.9838
mnist13,c_2 (bit-flip_0.001),0.005,90.70,2.7181,93.90,15.2823
mnist13,c_2 (bit-flip_0.005),0.0001,99.20,2.8651,99.60,4.0390
mnist13,c_2 (bit-flip_0.005),0.0003,98.20,2.6130,98.80,7.7590
mnist13,c_2 (bit-flip_0.005),0.0005,97.80,2.9030,98.20,7.8718
mnist13,c_2 (bit-flip_0.005),0.001,96.70,3.1780,97.60,8.1845
mnist13,c_2 (bit-flip_0.005),0.003,93.40,2.3971,95.70,12.9580
mnist13,c_2 (bit-flip_0.005),0.005,90.60,2.9511,93.90,18.2524
mnist13,c_2 (bit-flip_0.01),0.0001,99.20,2.9828,99.60,4.1916
mnist13,c_2 (bit-flip_0.01),0.0003,98.10,3.0187,98.80,5.8886
mnist13,c_2 (bit-flip_0.01),0.0005,97.80,2.7145,98.20,6.0765
mnist13,c_2 (bit-flip_0.01),0.001,96.70,3.1028,97.60,8.4786
mnist13,c_2 (bit-flip_0.01),0.003,93.30,2.9642,95.70,13.9020
mnist13,c_2 (bit-flip_0.01),0.005,90.50,2.7380,93.90,18.4780
mnist13,c_2 (bit-flip_0.02),0.0001,99.00,3.0789,99.60,4.8776
mnist13,c_2 (bit-flip_0.02),0.0003,98.00,2.8532,98.80,5.9594
mnist13,c_2 (bit-flip_0.02),0.0005,97.80,3.1245,98.20,6.7242
mnist13,c_2 (bit-flip_0.02),0.001,96.60,3.2287,97.60,8.5885
mnist13,c_2 (bit-flip_0.02),0.003,93.10,2.7843,95.70,14.1223
mnist13,c_2 (bit-flip_0.02),0.005,90.30,2.9400,93.90,18.8386
mnist13,c_2 (depolarizing_0.0001),0.0001,99.20,3.0193,99.60,4.2732
mnist13,c_2 (depolarizing_0.0001),0.0003,98.20,3.0739,98.80,5.9858
mnist13,c_2 (depolarizing_0.0001),0.0005,97.80,2.7068,98.20,6.0916
mnist13,c_2 (depolarizing_0.0001),0.001,96.70,2.1873,97.60,7.5386
mnist13,c_2 (depolarizing_0.0001),0.003,93.60,2.1319,95.70,12.6755
mnist13,c_2 (depolarizing_0.0001),0.005,90.80,2.4144,93.90,17.7594
mnist13,c_2 (depolarizing_0.0005),0.0001,99.20,2.1558,99.60,3.4502
mnist13,c_2 (depolarizing_0.0005),0.0003,98.20,2.1998,98.80,4.9996
mnist13,c_2 (depolarizing_0.0005),0.0005,97.80,2.3978,98.20,5.7909
mnist13,c_2 (depolarizing_0.0005),0.001,96.70,2.1629,97.60,7.4262
mnist13,c_2 (depolarizing_0.0005),0.003,93.60,2.3480,95.70,12.7878
mnist13,c_2 (depolarizing_0.0005),0.005,90.80,2.1403,93.90,17.3147
mnist13,c_2 (depolarizing_0.001),0.0001,99.20,2.5829,99.60,3.9165
mnist13,c_2 (depolarizing_0.001),0.0003,98.20,2.3909,98.80,5.2628
mnist13,c_2 (depolarizing_0.001),0.0005,97.80,2.1170,98.20,5.6300
mnist13,c_2 (depolarizing_0.001),0.001,96.70,2.4904,97.60,7.7863
mnist13,c_2 (depolarizing_0.001),0.003,93.60,2.3470,95.70,12.9545
mnist13,c_2 (depolarizing_0.001),0.005,90.80,2.6917,93.90,17.7316
mnist13,c_2 (depolarizing_0.005),0.0001,99.20,2.6797,99.60,4.2091
mnist13,c_2 (depolarizing_0.005),0.0003,98.20,2.3811,98.80,5.1778
mnist13,c_2 (depolarizing_0.005),0.0005,97.80,2.8325,98.20,6.2438
mnist13,c_2 (depolarizing_0.005),0.001,96.70,3.4460,97.60,8.0905
mnist13,c_2 (depolarizing_0.005),0.003,93.60,2.6948,95.70,13.6748
mnist13,c_2 (depolarizing_0.005),0.005,90.80,2.7685,93.90,17.8638
mnist13,c_2 (depolarizing_0.01),0.0001,99.20,3.2623,99.60,4.6546
mnist13,c_2 (depolarizing_0.01),0.0003,98.20,2.9504,98.80,6.7297
mnist13,c_2 (depolarizing_0.01),0.0005,97.80,2.8033,98.20,6.2974
mnist13,c_2 (depolarizing_0.01),0.001,96.70,3.2655,97.60,8.5096
mnist13,c_2 (depolarizing_0.01),0.003,93.60,3.0492,95.70,12.3305
mnist13,c_2 (depolarizing_0.01),0.005,90.80,2.7459,93.90,15.2289
mnist13,c_2 (depolarizing_0.02),0.0001,99.20,3.1319,99.60,4.2808
mnist13,c_2 (depolarizing_0.02),0.0003,98.20,3.0602,98.80,5.8275
mnist13,c_2 (depolarizing_0.02),0.0005,97.80,3.1549,98.20,6.5219
mnist13,c_2 (depolarizing_0.02),0.001,96.70,3.0579,97.60,8.1180
mnist13,c_2 (depolarizing_0.02),0.003,93.60,3.4125,95.70,13.4619
mnist13,c_2 (depolarizing_0.02),0.005,90.80,2.6265,93.90,17.7707
mnist13,c_2 (phase-flip_0.0001),0.0001,99.20,3.0608,99.60,4.8474
mnist13,c_2 (phase-flip_0.0001),0.0003,98.20,2.8816,98.80,6.2499
mnist13,c_2 (phase-flip_0.0001),0.0005,97.80,2.7904,98.20,6.4928
mnist13,c_2 (phase-flip_0.0001),0.001,96.70,3.0487,97.60,9.7223
mnist13,c_2 (phase-flip_0.0001),0.003,93.60,3.3867,95.70,15.0057
mnist13,c_2 (phase-flip_0.0001),0.005,90.80,3.1634,93.90,18.2733
mnist13,c_2 (phase-flip_0.0005),0.0001,99.20,3.1387,99.60,4.3667
mnist13,c_2 (phase-flip_0.0005),0.0003,98.20,2.7590,98.80,5.6968
mnist13,c_2 (phase-flip_0.0005),0.0005,97.80,2.3741,98.20,5.8893
mnist13,c_2 (phase-flip_0.0005),0.001,96.70,2.3507,97.60,7.7228
mnist13,c_2 (phase-flip_0.0005),0.003,93.60,2.7482,95.70,13.0309
mnist13,c_2 (phase-flip_0.0005),0.005,90.80,2.3094,93.90,15.9721
mnist13,c_2 (phase-flip_0.001),0.0001,99.20,2.2768,99.60,3.5617
mnist13,c_2 (phase-flip_0.001),0.0003,98.20,2.2136,98.80,5.0085
mnist13,c_2 (phase-flip_0.001),0.0005,97.80,2.2278,98.20,5.7423
mnist13,c_2 (phase-flip_0.001),0.001,96.70,2.3658,97.60,7.6131
mnist13,c_2 (phase-flip_0.001),0.003,93.60,2.3867,95.70,13.0023
mnist13,c_2 (phase-flip_0.001),0.005,90.80,2.1479,93.90,17.5297
mnist13,c_2 (phase-flip_0.005),0.0001,99.20,2.4102,99.60,3.6149
mnist13,c_2 (phase-flip_0.005),0.0003,98.20,2.3841,98.80,5.1840
mnist13,c_2 (phase-flip_0.005),0.0005,97.80,2.3704,98.20,5.8196
mnist13,c_2 (phase-flip_0.005),0.001,96.70,2.2044,97.60,7.2993
mnist13,c_2 (phase-flip_0.005),0.003,93.60,2.2385,95.70,12.8611
mnist13,c_2 (phase-flip_0.005),0.005,90.80,2.4871,93.90,17.8088
mnist13,c_2 (phase-flip_0.01),0.0001,99.20,2.2083,99.60,3.5035
mnist13,c_2 (phase-flip_0.01),0.0003,98.20,2.2884,98.80,5.1168
mnist13,c_2 (phase-flip_0.01),0.0005,97.80,2.3721,98.20,5.8440
mnist13,c_2 (phase-flip_0.01),0.001,96.70,2.1627,97.60,7.4619
mnist13,c_2 (phase-flip_0.01),0.003,93.60,2.3517,95.70,12.8943
mnist13,c_2 (phase-flip_0.01),0.005,90.80,2.2454,93.90,17.5861
mnist13,c_2 (phase-flip_0.02),0.0001,99.20,2.5300,99.60,3.7510
mnist13,c_2 (phase-flip_0.02),0.0003,98.20,2.4080,98.80,5.1969
mnist13,c_2 (phase-flip_0.02),0.0005,97.80,2.3075,98.20,5.4938
mnist13,c_2 (phase-flip_0.02),0.001,96.70,2.2067,97.60,8.0012
mnist13,c_2 (phase-flip_0.02),0.003,93.60,2.3110,95.70,12.3134
mnist13,c_2 (phase-flip_0.02),0.005,90.80,2.4558,93.90,18.9381
mnist13,c_2 (mixed_0.0001),0.0001,99.20,17.4747,99.60,19.0094
mnist13,c_2 (mixed_0.0001),0.0003,98.20,17.5497,98.80,20.2072
mnist13,c_2 (mixed_0.0001),0.0005,97.80,17.7364,98.20,21.1854
mnist13,c_2 (mixed_0.0001),0.001,96.70,16.8555,97.60,21.4720
mnist13,c_2 (mixed_0.0001),0.003,93.60,17.0657,95.70,25.4631
mnist13,c_2 (mixed_0.0001),0.005,90.80,18.1284,93.90,34.3069
mnist13,c_2 (mixed_0.0005),0.0001,99.20,19.2069,99.60,20.3993
mnist13,c_2 (mixed_0.0005),0.0003,98.20,19.3776,98.80,22.1277
mnist13,c_2 (mixed_0.0005),0.0005,97.80,18.3617,98.20,21.7296
mnist13,c_2 (mixed_0.0005),0.001,96.70,16.9054,97.60,22.2251
mnist13,c_2 (mixed_0.0005),0.003,93.60,18.2120,95.70,28.6539
mnist13,c_2 (mixed_0.0005),0.005,90.80,19.1708,93.90,34.7524
mnist13,c_2 (mixed_0.001),0.0001,99.20,21.8321,99.60,23.0817
mnist13,c_2 (mixed_0.001),0.0003,98.20,18.7638,98.80,21.5792
mnist13,c_2 (mixed_0.001),0.0005,97.80,17.0196,98.20,20.4234
mnist13,c_2 (mixed_0.001),0.001,96.70,18.9156,97.60,24.1531
mnist13,c_2 (mixed_0.001),0.003,93.60,21.7890,95.70,32.2676
mnist13,c_2 (mixed_0.001),0.005,90.70,18.9043,93.90,34.5261
mnist13,c_2 (mixed_0.005),0.0001,99.20,17.4057,99.60,18.4778
mnist13,c_2 (mixed_0.005),0.0003,98.20,19.7297,98.80,22.1361
mnist13,c_2 (mixed_0.005),0.0005,97.80,19.7355,98.20,22.8817
mnist13,c_2 (mixed_0.005),0.001,96.70,24.2709,97.60,29.6367
mnist13,c_2 (mixed_0.005),0.003,93.50,17.8431,95.70,28.5335
mnist13,c_2 (mixed_0.005),0.005,90.70,19.7708,93.90,35.1019
mnist13,c_2 (mixed_0.01),0.0001,99.20,19.1284,99.60,21.6887
mnist13,c_2 (mixed_0.01),0.0003,98.20,18.8436,98.80,21.8470
mnist13,c_2 (mixed_0.01),0.0005,97.80,18.8363,98.20,22.3551
mnist13,c_2 (mixed_0.01),0.001,96.70,21.4892,97.60,28.6832
mnist13,c_2 (mixed_0.01),0.003,93.40,18.2985,95.70,30.8903
mnist13,c_2 (mixed_0.01),0.005,90.60,22.1288,93.90,37.4939
mnist13,c_2 (mixed_0.02),0.0001,99.20,25.9838,99.60,27.2408
mnist13,c_2 (mixed_0.02),0.0003,98.10,22.5234,98.80,25.4995
mnist13,c_2 (mixed_0.02),0.0005,97.80,24.6036,98.20,28.0545
mnist13,c_2 (mixed_0.02),0.001,96.70,23.6586,97.60,28.9790
mnist13,c_2 (mixed_0.02),0.003,93.30,21.2682,95.70,31.3498
mnist13,c_2 (mixed_0.02),0.005,90.50,23.4016,93.90,39.0064
mnist01,c_0,0.001,94.40,0.0507,95.40,9.3845
mnist01,c_1,0.001,92.90,0.0657,94.20,10.6868
mnist01,c_2 (depolarizing_0.005),0.001,92.90,4.1927,94.20,15.4684
mnist02,c_0,0.005,62.60,0.0429,74.90,59.4545
mnist02,c_1,0.005,60.00,0.1933,83.10,65.5181
mnist02,c_2 (phase-flip_0.0005),0.005,60.00,38.9177,83.10,104.6325
mnist03,c_0,0.0001,99.80,0.0283,99.90,0.3517
mnist03,c_1,0.0001,98.50,0.1139,98.70,2.5091
mnist03,c_2 (bit-flip_0.02),0.0001,98.30,17.3517,98.70,20.0000
mnist04,c_0,0.0003,99.90,0.0433,100.00,0.2273
mnist04,c_1,0.0003,99.70,0.0459,99.70,0.5857
mnist04,c_2 (bit-flip_0.001),0.0003,99.70,5.1446,99.70,5.6258
mnist05,c_0,0.0005,100.00,0.0636,100.00,0.0638
mnist05,c_1,0.0005,99.80,0.0937,99.80,0.4493
mnist05,c_2 (mixed_0.0001),0.0005,99.80,76.9439,99.80,77.2178
mnist06,c_0,0.001,100.00,0.0416,100.00,0.0416
mnist06,c_1,0.001,98.80,0.0545,99.80,1.6862
mnist06,c_2 (bit-flip_0.0005),0.001,98.80,4.3878,99.80,7.1676
mnist07,c_0,0.0005,96.60,0.0615,97.30,5.6282
mnist07,c_1,0.0005,95.00,0.1138,96.10,8.1086
mnist07,c_2 (depolarizing_0.001),0.0005,95.00,19.9675,96.10,28.0790
mnist08,c_0,0.0005,98.30,0.0321,99.00,2.6840
mnist08,c_1,0.0005,99.10,0.0872,99.40,1.5633
mnist08,c_2 (phase-flip_0.02),0.0005,99.10,9.5989,99.40,11.0420
mnist09,c_0,0.005,67.70,0.0370,71.20,49.4255
mnist09,c_1,0.005,57.00,0.0737,74.60,74.9853
mnist09,c_2 (mixed_0.02),0.005,56.00,69.5929,74.60,142.2185
mnist12,c_0,0.005,68.50,0.0459,73.90,60.2488
mnist12,c_1,0.005,68.60,0.1970,73.30,56.6451
mnist12,c_2 (depolarizing_0.0005),0.005,68.60,141.4472,73.30,245.2549
mnist14,c_0,0.003,95.90,0.0684,96.10,50.5487
mnist14,c_1,0.003,99.20,0.1542,99.20,1.9069
mnist14,c_2 (phase-flip_0.005),0.003,99.20,22.3892,99.20,23.6846
mnist15,c_0,0.0001,94.30,0.1122,96.00,18.6146
mnist15,c_1,0.0001,91.40,0.1286,96.00,31.5554
mnist15,c_2 (mixed_0.005),0.0001,91.30,213.7252,96.00,249.8633
mnist16,c_0,0.001,99.90,0.0381,99.90,0.2245
mnist16,c_1,0.001,99.50,0.0530,99.60,0.9699
mnist16,c_2 (mixed_0.0001),0.001,99.50,26.2171,99.60,43.5368
mnist17,c_0,0.005,88.20,0.0426,94.00,19.2797
mnist17,c_1,0.005,64.70,0.7593,74.60,60.0762
mnist17,c_2 (phase-flip_0.005),0.005,64.70,155.1861,74.60,215.9329
mnist18,c_0,0.001,80.70,0.0537,81.20,26.4357
mnist18,c_1,0.001,75.00,0.0457,81.80,39.0492
mnist18,c_2 (phase-flip_0.02),0.001,75.00,4.2363,81.80,44.4412
mnist19,c_0,0.0003,99.40,0.0373,99.60,0.9595
mnist19,c_1,0.0003,98.50,0.0460,99.00,2.3554
mnist19,c_2 (depolarizing_0.02),0.0003,98.50,5.8459,99.00,7.8445
mnist23,c_0,0.003,83.90,0.0404,87.10,26.4210
mnist23,c_1,0.003,62.40,0.0774,79.80,62.8282
mnist23,c_2 (bit-flip_0.0005),0.003,62.40,8.6402,79.80,68.3539
mnist24,c_0,0.005,47.80,0.0432,49.30,86.8259
mnist24,c_1,0.005,45.70,0.1104,48.90,90.4429
mnist24,c_2 (depolarizing_0.001),0.005,45.70,17.5820,48.90,104.6794
mnist25,c_0,0.0005,100.00,0.0584,100.00,0.0585
mnist25,c_1,0.0005,100.00,0.2238,100.00,0.2240
mnist25,c_2 (depolarizing_0.0001),0.0005,100.00,34.7445,100.00,34.7446
mnist26,c_0,0.0005,99.90,0.0579,99.90,0.2382
mnist26,c_1,0.0005,100.00,0.0865,100.00,0.0867
mnist26,c_2 (depolarizing_0.0005),0.0005,100.00,8.6937,100.00,8.6937
mnist27,c_0,0.0001,100.00,0.0570,100.00,0.0570
mnist27,c_1,0.0001,100.00,0.0596,100.00,0.0597
mnist27,c_2 (bit-flip_0.0005),0.0001,100.00,4.2914,100.00,4.2920
mnist28,c_0,0.0003,98.90,0.0742,99.40,1.8308
mnist28,c_1,0.0003,97.20,0.1736,98.20,4.7051
mnist28,c_2 (bit-flip_0.02),0.0003,97.10,37.1211,98.20,41.8552
mnist29,c_0,0.0005,100.00,0.0286,100.00,0.0286
mnist29,c_1,0.0005,100.00,0.3166,100.00,0.3166
mnist29,c_2 (depolarizing_0.001),0.0005,100.00,71.8884,100.00,71.8885
mnist34,c_0,0.005,99.90,0.0579,100.00,0.2154
mnist34,c_1,0.005,99.90,0.0787,99.90,0.2231
mnist34,c_2 (depolarizing_0.001),0.005,99.90,8.1872,99.90,8.3681
mnist35,c_0,0.0005,100.00,0.0343,100.00,0.0343
mnist35,c_1,0.0005,100.00,0.0636,100.00,0.0636
mnist35,c_2 (bit-flip_0.0005),0.0005,100.00,8.9590,100.00,8.9590
mnist36,c_0,0.0003,100.00,0.0393,100.00,0.0393
mnist36,c_1,0.0003,100.00,0.0665,100.00,0.0666
mnist36,c_2 (mixed_0.01),0.0003,100.00,74.9256,100.00,74.9257
mnist37,c_0,0.0003,100.00,0.0434,100.00,0.0435
mnist37,c_1,0.0003,99.90,0.0904,100.00,0.4393
mnist37,c_2 (mixed_0.0001),0.0003,99.90,66.9067,100.00,67.0474
mnist38,c_0,0.0003,99.80,0.0532,99.90,0.3932
mnist38,c_1,0.0003,99.90,0.1387,100.00,0.3023
mnist38,c_2 (bit-flip_0.001),0.0003,99.90,17.2953,100.00,17.4468
mnist39,c_0,0.0001,100.00,0.0440,100.00,0.0440
mnist39,c_1,0.0001,100.00,0.1710,100.00,0.1710
mnist39,c_2 (phase-flip_0.02),0.0001,100.00,34.4378,100.00,34.4378
mnist45,c_0,0.001,100.00,0.0473,100.00,0.0473
mnist45,c_1,0.001,99.90,0.0666,99.90,0.2563
mnist45,c_2 (mixed_0.01),0.001,99.90,67.2410,99.90,67.3743
mnist46,c_0,0.0005,100.00,0.0456,100.00,0.0456
mnist46,c_1,0.0005,100.00,0.0605,100.00,0.0605
mnist46,c_2 (mixed_0.001),0.0005,100.00,64.0548,100.00,64.0548
mnist47,c_0,0.0005,100.00,0.0324,100.00,0.0325
mnist47,c_1,0.0005,100.00,0.1755,100.00,0.1756
mnist47,c_2 (depolarizing_0.001),0.0005,100.00,31.4990,100.00,31.4990
mnist48,c_0,0.0003,97.70,0.0371,98.00,3.7813
mnist48,c_1,0.0003,97.50,0.0688,97.70,4.1811
mnist48,c_2 (mixed_0.0001),0.0003,97.50,88.0748,97.70,92.1103
mnist49,c_0,0.0001,97.20,0.0422,97.70,4.5858
mnist49,c_1,0.0001,99.00,0.0432,99.30,1.6343
mnist49,c_2 (bit-flip_0.02),0.0001,98.90,4.1678,99.30,5.9259
mnist56,c_0,0.005,99.90,0.0513,99.90,0.2012
mnist56,c_1,0.005,100.00,0.0538,100.00,0.0538
mnist56,c_2 (bit-flip_0.001),0.005,100.00,7.7220,100.00,7.7221
mnist57,c_0,0.0001,100.00,0.0532,100.00,0.0533
mnist57,c_1,0.0001,100.00,0.2124,100.00,0.2125
mnist57,c_2 (bit-flip_0.005),0.0001,100.00,32.7787,100.00,32.7787
mnist58,c_0,0.0003,100.00,0.0495,100.00,0.0496
mnist58,c_1,0.0003,100.00,0.1338,100.00,0.1340
mnist58,c_2 (depolarizing_0.001),0.0003,100.00,15.8273,100.00,15.8276
mnist59,c_0,0.0003,100.00,0.0471,100.00,0.0472
mnist59,c_1,0.0003,100.00,0.1804,100.00,0.1804
mnist59,c_2 (bit-flip_0.02),0.0003,100.00,35.6829,100.00,35.6829
mnist67,c_0,0.0001,100.00,0.0539,100.00,0.0540
mnist67,c_1,0.0001,100.00,0.0436,100.00,0.0436
mnist67,c_2 (depolarizing_0.005),0.0001,100.00,5.6571,100.00,5.6572
mnist68,c_0,0.005,99.40,0.0462,99.90,1.1385
mnist68,c_1,0.005,99.80,0.1377,100.00,0.4214
mnist68,c_2 (depolarizing_0.001),0.005,99.80,20.1299,100.00,20.4371
mnist69,c_0,0.0001,99.60,0.0408,99.80,0.6704
mnist69,c_1,0.0001,99.40,0.0641,99.60,0.8466
mnist69,c_2 (mixed_0.0005),0.0001,99.40,65.4343,99.60,66.2642
mnist78,c_0,0.005,100.00,0.0649,100.00,0.0649
mnist78,c_1,0.005,100.00,0.5730,100.00,0.5731
mnist78,c_2 (bit-flip_0.005),0.005,100.00,127.8190,100.00,127.8190
mnist79,c_0,0.005,99.90,0.0420,99.90,0.2090
mnist79,c_1,0.005,99.80,0.0664,99.90,0.4042
mnist79,c_2 (phase-flip_0.0005),0.005,99.80,8.2767,99.90,8.6094
mnist89,c_0,0.005,100.00,0.0463,100.00,0.0463
mnist89,c_1,0.005,100.00,1.0048,100.00,1.0048
mnist89,c_0,0.0003,100.00,0.0450,100.00,0.0450
mnist89,c_1,0.0003,100.00,0.0524,100.00,0.0524
mnist89,c_2 (mixed_0.0001),0.0003,100.00,33.0006,100.00,33.0009

